Type,Name,Count
Genre,Progressive House,117
Genre,Big Room,166
Genre,Electro House,173
Genre,Deep House,259
Genre,Funky House,48
Genre,Tech House,150
Genre,House,95
Genre,Melodic House & Techno,7
Genre,Minimal / Deep Tech,7
Genre,Techno (Peak Time / Driving),54
Genre,Trance (Main Floor),20
Genre,Indie Dance,40
Genre,DJ Tools,1
Genre,Dubstep,5
Genre,Drum & Bass,5
Genre,Trap / Future Bass,2
Genre,Dance / Electro Pop,12
Genre,Hard Dance / Hardcore,1
Genre,Nu Disco / Disco,2
Genre,Electronica,1
Label,MoS/Anjunabeats,3
Label,Wall Recordings,8
Label,SPINNIN' RECORDS,86
Label,Defected,16
Label,PornoStar Records,9
Label,Mainstage Music,7
Label,Revealed Recordings (back catalog),38
Label,Refune Music,7
Label,Ultra,23
Label,LE7ELS,11
Label,Cadenza,4
Label,Protocol Recordings,16
Label,Toolroom,41
Label,DIRTYBIRD,12
Label,Starlight,3
Label,Flamingo Recordings,10
Label,Kittball,12
Label,Off Recordings,20
Label,Southern Fried Records,2
Label,I/AM/ME,3
Label,Get Physical Music,7
Label,Stealth Records,7
Label,Musical Freedom,15
Label,Great Stuff Recordings,7
Label,Last Night On Earth,5
Label,House Of Fun,3
Label,Unreleased Digital,5
Label,1605,2
Label,Agile Recordings,2
Label,Tiger Records,15
Label,20/20 Vision,2
Label,Get Funky Music,3
Label,In Charge (Be Yourself Music),1
Label,SCI+TEC,4
Label,Armada Music Albums,3
Label,Pampa Records,1
Label,Alola Records,2
Label,100% Pure,7
Label,Urbana Recordings,1
Label,Moda Black,5
Label,Cr2 Records,7
Label,Island Dance,3
Label,What A Music,5
Label,Desolat,2
Label,Virgin UK,1
Label,Ellum,2
Label,Mobilee Records,4
Label,Harem Records,1
Label,Cubrik,1
Label,Fine Records,1
Label,Axtone Records,18
Label,Hysteria,1
Label,Drumcode,11
Label,Octopus Recordings,1
Label,Jeudi Records,4
Label,Phazing,4
Label,Basica Recordings,2
Label,Fly Eye Records,5
Label,Innervisions,9
Label,Hotflush Recordings,5
Label,Nice Age,1
Label,Hot Creations,10
Label,Culprit,1
Label,Funky Element Records,2
Label,Le Club Records,5
Label,Suara,16
Label,DOORN RECORDS,23
Label,Plasmapool,4
Label,Exploited,15
Label,Bpitch,4
Label,8Bit,4
Label,Columbia.,1
Label,Strictly Rhythm,3
Label,Monaberry,1
Label,Atlantic Records,3
Label,So Much Dada,5
Label,Audioporn,1
Label,Anjunabeats,7
Label,mau5trap,1
Label,A state of Trance,1
Label,Play Records,4
Label,Fool's Gold Records,3
Label,Pets Recordings,5
Label,Poesie Musik,1
Label,Casa Rossa,4
Label,Zulu Records,2
Label,Technique Recordings,1
Label,Hottrax,1
Label,ITH (Defected In The House),1
Label,Systematic Recordings,1
Label,Pryda Friends,5
Label,Light My Fire,2
Label,Kling Klong,6
Label,Bunny Tiger,11
Label,Bedroom Muzik (Back Cat),3
Label,Lange Recordings,1
Label,NM2,1
Label,OWSLA,3
Label,Anemnesis,1
Label,Big Beat Records,4
Label,Skint Records,11
Label,Size Records,15
Label,LoudBit,14
Label,CHM,2
Label,Armind (Armada),10
Label,Mad Decent,2
Label,Scream And Shout Recordings,2
Label,Noir Music,8
Label,PMR (UIR LTD),3
Label,Interscope Records,2
Label,Dirt Crew Recordings,2
Label,Smash The House,5
Label,Material,1
Label,Cocoon Recordings,8
Label,Sinitation Records,2
Label,Warpath Group,1
Label,Hypercolour,1
Label,Diynamic,4
Label,Rhythm Distrikt,1
Label,Keinemusik,1
Label,Gris Musique,1
Label,House Rules,2
Label,Deeperfect,5
Label,Definition:Music,1
Label,Subground records,1
Label,Stil Vor Talent,3
Label,Sprout,1
Label,Hussle Recordings,2
Label,Dim Mak Records,7
Label,Aus Music,11
Label,Crosstown Rebels,8
Label,Hysteria Recs,9
Label,Polydor,3
Label,Mainground Music,3
Label,InStereo Recordings,5
Label,Be As One,1
Label,D-Floor Records,1
Label,Visionquest,1
Label,Mena Music,3
Label,RockTheHouze,1
Label,No.19 Music,2
Label,Intec,1
Label,Downright,1
Label,Cube Recordings,4
Label,VIVa MUSiC,2
Label,Electric Ballroom,1
Label,Columbia (Sony),4
Label,Mosley Music / Interscope Records,4
Label,Mixmash Records,4
Label,KATERMUKKE,5
Label,Onelove,1
Label,Pryda Recordings,3
Label,Formatik,2
Label,Go Deeva Records,14
Label,K7 Records,2
Label,Enormous Tunes,9
Label,Minus,7
Label,Showland,1
Label,Energetic Sounds,1
Label,Rising Music,7
Label,Kompakt Extra,2
Label,What! What! Records,1
Label,Megaton Records,2
Label,Ones To Watch Records (Mixmash),1
Label,Saved Records,6
Label,Waveform Recordings,1
Label,This And That,1
Label,Reshape Records,1
Label,Krewella Music LLC,2
Label,WM UK,4
Label,Kontor Records,3
Label,Flashover Recordings,2
Label,Cajual,6
Label,d:vision,9
Label,Millia Records,3
Label,Big & Dirty (Be Yourself Music),2
Label,Stickrecordings,2
Label,Oxyd Records,4
Label,Capitol Records,4
Label,Intacto,1
Label,Mixture,1
Label,GURU,1
Label,BEK Audio,1
Label,Kraftek,9
Label,FFRR,2
Label,Pacha Recordings,1
Label,Critical Music,1
Label,Snatch! Records,3
Label,Poker Flat Recordings,1
Label,Tsuba,1
Label,OFF Spin,10
Label,Diffused Music,3
Label,Jungle Funk Recordings,2
Label,Bootylicious,2
Label,2DIY4,2
Label,Punx Records,1
Label,PPMUSIC,1
Label,Magik Muzik,2
Label,Starside Records,5
Label,Glasgow Underground,1
Label,Moon Harbour Recordings,2
Label,Olsen Records,2
Label,Tronic,3
Label,Bitten,2
Label,Astralwerks (ASW),1
Label,FEETFOOD,1
Label,Kompakt,2
Label,Octopus Black Label,1
Label,Nurvous Records,1
Label,Lower East,1
Label,Naked Naked,1
Label,Keno Records,2
Label,Garuda,1
Label,Warner Bros. Records,2
Label,"Star Trak, LLC",2
Label,Ministry of Sound (UK),1
Label,Anjunadeep,2
Label,Materialism,1
Label,Mexa Records,2
Label,Samui Recordings,5
Label,MODA Top,1
Label,Kearnage Recordings,1
Label,Traum,1
Label,Migrate Or Starve,1
Label,Shape01,1
Label,DUSTLA,1
Label,Gem Records,1
Label,Jalapeno Records,1
Label,Green,4
Label,Double Six Records,1
Label,Erase Records,4
Label,popcultur (Sony),1
Label,Watergate Records,2
Label,PUNX,1
Label,Starter Records,1
Label,Neon Records,2
Label,KMS Records,3
Label,PhetHouse Records,1
Label,Casablanca Records,1
Label,Monique Musique,1
Label,Permanent Vacation,3
Label,Hope Recordings,1
Label,Circus Recordings,3
Label,PRMD,2
Label,Terminal M,3
Label,Juicy Music (Armada Music),2
Label,Pink Rabbit,1
Label,Armada Trice,2
Label,SPINNIN' DEEP,3
Label,EMI Music Australia Pty Ltd,1
Label,Turbo Recordings,2
Label,Virus T Studio Records,1
Label,Bla Bla,1
Label,Virus Recordings,1
Label,2SONIC Records,1
Label,Compost,1
Label,Enhanced Recordings,2
Label,Hedonism Music,1
Label,Gate Null Recordings,1
Label,Wake Your Mind Records (Armada),1
Label,Milk & Sugar,2
Label,BYTE Records,1
Label,D.O.C.,2
Label,303Lovers,2
Label,Supplement Facts,1
Label,Blaufield,3
Label,My Favorite Robot Records,2
Label,Hotfingers,1
Label,Parametric,1
Label,DFTD,1
Label,Musical Noize,1
Label,Sphera Records,1
Label,F-Stop Records/Atlantic,1
Label,Life And Death,1
Label,Big Beat/Atlantic Records/Ninja Tune,1
Label,Objektivity,1
Label,Truesoul,1
Label,Santos Music,1
Label,White Cat Recordings,1
Label,Dog Triumph,1
Label,Play It Down,1
Label,Monstercat,1
Label,Sound Division,1
Label,Sleazy G,1
Label,Innocent Music,1
Label,DECIDE,2
Label,Sweet Shop Records,1
Label,Bulletdodge,1
Label,Bedrock Records,1
Label,Starlight Unlimited,1
Label,Armada Music,1
Artist,Mat Zo,4
Artist,Porter Robinson,3
Artist,Keane,2
Artist,Fedde Le Grand,12
Artist,,36
Artist,Yousef,3
Artist,Crazibiza,8
Artist,W&W,11
Artist,Hardwell,16
Artist,Amba Shepherd,8
Artist,Alesso,10
Artist,Kaskade,3
Artist,Swanky Tunes,3
Artist,Lights,1
Artist,Nicky Romero,16
Artist,Avicii,8
Artist,ARTY,6
Artist,Luciano,3
Artist,NERVO,6
Artist,Digitalism,2
Artist,Nick Curly,3
Artist,Justin Martin,6
Artist,David Jones,4
Artist,Jewelz,2
Artist,Scott Sparks,2
Artist,Tube & Berger,15
Artist,Teenage Mutants,5
Artist,Milan Euringer,3
Artist,Mighty Dub Katz,2
Artist,Maya Jane Coles,3
Artist,Hot Since 82,7
Artist,Prok & Fitch,6
Artist,R3HAB,5
Artist,ZROQ,1
Artist,Basto,1
Artist,David Amo,3
Artist,Julio Navas,3
Artist,Rober Gaez,3
Artist,Hot Chip,2
Artist,Will Sparks,4
Artist,Piatto,1
Artist,Luigi Rocca,3
Artist,Inner Life,1
Artist,Daniel Portman,5
Artist,UMEK,8
Artist,Uto Karem,2
Artist,Tujamo,4
Artist,Audiojack,2
Artist,David Herrero,3
Artist,2Elements,1
Artist,Lunde Bros,1
Artist,Harvard Bass,2
Artist,Emma Hewitt,2
Artist,Matthew Herbert,1
Artist,Amine Edge,3
Artist,Jay Lumen,7
Artist,David Penn,1
Artist,The Cube Guys,4
Artist,Shadow Child,1
Artist,Chuckie,2
Artist,Junxterjack,2
Artist,Florence & The Machine,1
Artist,David Guetta,4
Artist,Taped Rai,1
Artist,Loco Dice,1
Artist,Swedish House Mafia,1
Artist,Maceo Plex,4
Artist,Ray Okpara,1
Artist,Dean Cohen,1
Artist,Dirty Funker,1
Artist,Pan-Pot,2
Artist,Asaf Avidan,1
Artist,The Aston Shuffle,1
Artist,Marcel Woods,2
Artist,Allure,1
Artist,Firebeatz,5
Artist,Bingo Players,2
Artist,Claude VonStroke,3
Artist,Kry Wolf,1
Artist,Alan Fitzpatrick,1
Artist,Michael Woods,5
Artist,Chris Lake,5
Artist,Rampa,2
Artist,Meggy,1
Artist,Sian,2
Artist,Luigi Madonna,1
Artist,Matthew Koma,3
Artist,Intruder (A Murk Production),1
Artist,Jei,1
Artist,Starkillers,4
Artist,DJ BL3ND,1
Artist,Bunte Bummler,1
Artist,Dirty South,4
Artist,Michael Brun,1
Artist,Those Usual Suspects,1
Artist,Nordean,1
Artist,Erik Hecht,1
Artist,Robosonic,4
Artist,Todd Terry,4
Artist,Lady Vale,8
Artist,Thomas Gold,2
Artist,Ry,1
Artist,Frank Wiedemann,1
Artist,Howling,1
Artist,Roger Sanchez,2
Artist,Scuba,1
Artist,Totally Enormous Extinct Dinosaurs,1
Artist,wAFF,1
Artist,Sasha,2
Artist,Donatello,2
Artist,Knox,2
Artist,"Kastis Torrau,",2
Artist,Adriatique,2
Artist,Otto Knows,1
Artist,DANK (USA),3
Artist,Veerus,6
Artist,Maxie Devine,5
Artist,Denzal Park,2
Artist,Sander Van Doorn,12
Artist,Mord Fustang,2
Artist,Claptone,8
Artist,Groove Phenomenon,2
Artist,Joe Ghost,1
Artist,Daddy's Groove,6
Artist,Dannic,5
Artist,DJ Falk,3
Artist,Dillon,3
Artist,Tuccillo,2
Artist,Muzzaik,1
Artist,Dave Martin,1
Artist,Passion Pit,1
Artist,Mikkas,1
Artist,Scheibe,1
Artist,Dmitry KO,2
Artist,ATFC,2
Artist,Bruno Mars,3
Artist,Lazy Rich,1
Artist,Dada Life,4
Artist,Sean Paul,2
Artist,Congorock,3
Artist,Stereo Massive,2
Artist,Xilent,1
Artist,Audien,1
Artist,Feed Me,1
Artist,Markus Schulz,1
Artist,Armin van Buuren,7
Artist,deadmau5,4
Artist,Oliver,3
Artist,Stefano Ritteri,1
Artist,Chicken Lips,2
Artist,Wankelmut,1
Artist,Emma Louise,1
Artist,Spencer & Hill,1
Artist,Gary Caos,4
Artist,Showtek,12
Artist,Bassjackers,6
Artist,My Digital Enemy,5
Artist,Bobby Burns,1
Artist,Tantrum Desire,1
Artist,Jamie Jones,4
Artist,Storm Queen,1
Artist,John Dahlback,3
Artist,Marc Romboy,1
Artist,KiNK,3
Artist,Fehrplay,3
Artist,Toby Montana,2
Artist,Dan Caster,2
Artist,Ilan Bluestone,2
Artist,Tom Flynn,1
Artist,Cari Lekebusch,1
Artist,Zoe Xenia,1
Artist,LouLou Players,1
Artist,Sharam Jey,8
Artist,Digitaria,3
Artist,Adana Twins,4
Artist,Sebaxtian,2
Artist,Lange,1
Artist,Cause & Affect,1
Artist,Affkt,1
Artist,Sutja Gutierrez,1
Artist,Submotion Orchestra,2
Artist,Seven Lions,2
Artist,Helicopter Showdown,1
Artist,Ummet Ozcan,7
Artist,Chris James,2
Artist,Fatboy Slim,11
Artist,GTA,5
Artist,Digital LAB,2
Artist,Henrix,2
Artist,Dimitri Vegas,15
Artist,Like Mike,15
Artist,Carnage,2
Artist,Borgore,4
Artist,Criminal Vibes,11
Artist,Stafford Brothers,3
Artist,Christina Milian,2
Artist,Sidney Samson,2
Artist,Martin Garrix,8
Artist,Pleasurekraft,11
Artist,Jaceo,9
Artist,Vedic,9
Artist,Baauer,1
Artist,Alvaro,4
Artist,Dyro,7
Artist,Sean Finn,2
Artist,Jimmy & Fred,2
Artist,Disclosure,3
Artist,Rachel Row,3
Artist,BT,2
Artist,Zedd,2
Artist,Foxes,2
Artist,Urulu,2
Artist,Steve Huerta,2
Artist,Vince Moogin,1
Artist,CoCo Star,1
Artist,Wolfpack,5
Artist,Ferreck Dawn,1
Artist,Redondo,2
Artist,Tapesh,1
Artist,Dayne S,1
Artist,Tim Mason,1
Artist,Harvey McKay,3
Artist,Sini,2
Artist,Melleefresh,1
Artist,Renato Cohen,4
Artist,John Dish,1
Artist,Lucky Date,1
Artist,Eats Everything,3
Artist,Above & Beyond,1
Artist,Zeds Dead,1
Artist,Omar LinX,1
Artist,Style Of Eye,1
Artist,Tom Staar,1
Artist,Deniz Koyu,2
Artist,NTFO,2
Artist,Quintino,3
Artist,Ralvero,3
Artist,Shlomi Aber,2
Artist,Dataworx,1
Artist,Syn Cole,2
Artist,&ME,2
Artist,Nomi Ruiz,1
Artist,NR&,1
Artist,Compact Grey,4
Artist,House Rules,2
Artist,Groovebox,7
Artist,Darius Syrossian,5
Artist,Hector Couto,4
Artist,Acti,3
Artist,HVOB,2
Artist,Douglas Greed,1
Artist,Victor Ruiz,1
Artist,Alex Stein,1
Artist,Dirt Cheap,1
Artist,MOGUAI,7
Artist,Tiesto,9
Artist,Sultan,7
Artist,Ned Shepard,7
Artist,Dusky,13
Artist,Hard Rock Sofa,2
Artist,Kali,3
Artist,Ali Love,3
Artist,Leftwing : Kody,4
Artist,Cryogenix,3
Artist,Kenneth G,1
Artist,Mark Knight,6
Artist,Underworld,3
Artist,Madeon,2
Artist,Ellie Goulding,1
Artist,P.A.C.O.,2
Artist,Raw Silk,3
Artist,Jay Hardway,1
Artist,EDX,3
Artist,AlunaGeorge,1
Artist,MYNC,1
Artist,Nari & Milani,4
Artist,Cedric Gervais,3
Artist,Midland,1
Artist,George FitzGerald,2
Artist,Roberto Capuano,3
Artist,Belocca,3
Artist,DJ Dan,2
Artist,Lookback,2
Artist,DubVision,3
Artist,Frankie Watch,1
Artist,Lana Del Rey,3
Artist,Seth Troxler,1
Artist,Tom Trago,1
Artist,Subb-an,1
Artist,Martin Ikin,4
Artist,Alex Kenji,1
Artist,Federico Scavo,6
Artist,Joe Garston,2
Artist,Andrew Farr,1
Artist,Touch & Go,3
Artist,Justin Prime,1
Artist,Sam Paganini,6
Artist,Clayton Steele,1
Artist,Ardalan,1
Artist,Konstantin Sibold,2
Artist,Many Reasons,1
Artist,Uberjak'd,2
Artist,Turntablerocker,1
Artist,Barbara Tucker,3
Artist,Steve Lawler,1
Artist,Jeremy Olander,2
Artist,Thomas Schumacher,1
Artist,Caitlin Devlin,1
Artist,Daft Punk,3
Artist,Nile Rodgers,3
Artist,Pharrell Williams,3
Artist,OneRepublic,4
Artist,Noisecontrollers,2
Artist,Maurizio Gubellini,2
Artist,Nicci,2
Artist,Laidback Luke,3
Artist,Trevor Guthrie,2
Artist,Dzeko & Torres,1
Artist,Chuckie x,1
Artist,Umami,4
Artist,Mako,2
Artist,"DubVision,",2
Artist,Jerome Robins,6
Artist,Hysteric Ego,2
Artist,Tim Berg,1
Artist,Pryda,3
Artist,Format:B,2
Artist,Kai,1
Artist,Richard Beynon,1
Artist,Marcus Schossow,4
Artist,Sebjak,2
Artist,Rashid Ajami,2
Artist,Night Talk,2
Artist,Habischman,1
Artist,Ferry Corsten,3
Artist,Mike Vale,2
Artist,Stella Mercury,2
Artist,Simone Vitullo,12
Artist,Will Saul,1
Artist,Nora En Pure,8
Artist,Tale Of Us,1
Artist,Eitro,1
Artist,DVBBS,6
Artist,Vanilla Ace,3
Artist,Sascha Braemer,1
Artist,Anna Müller,1
Artist,Audio Bastardz,1
Artist,Adam Port,1
Artist,Pink Fluid,1
Artist,Mark Sixma,2
Artist,Hatiras,1
Artist,Nom De Strip,2
Artist,Kolsch,2
Artist,Jaymo & Andy George,1
Artist,Gonzak,1
Artist,Kings Of Tomorrow,2
Artist,April,2
Artist,Hook N Sling,1
Artist,Mono Negro,1
Artist,Ivan Gough,3
Artist,Steve Bleas,1
Artist,Stevie Mink,1
Artist,Illy Noize,1
Artist,Liza Flume,1
Artist,David Solano,1
Artist,Jimmy Edgar,1
Artist,Henry Fong,4
Artist,Toby Green,2
Artist,D.O.D,1
Artist,Burnski,1
Artist,Justin Jay,1
Artist,Pig&Dan,2
Artist,Mark Reeve,1
Artist,Monsta,1
Artist,Davide Squillace,1
Artist,Guti,1
Artist,Paolo Ortelli,1
Artist,Pat-Rich,1
Artist,Luke Degree,1
Artist,Bright Lights,3
Artist,Krewella,6
Artist,Axwell,5
Artist,Knife Party,4
Artist,Kyler England,1
Artist,Jon Cutler,3
Artist,E-Man,3
Artist,Sono,3
Artist,Kolombo,5
Artist,Henrik B,1
Artist,Niklas Gustavsson,1
Artist,Peter Johansson,1
Artist,Cajmere,3
Artist,Sonny Fodera,4
Artist,Francesco Rossi,5
Artist,Edu Imbernon,1
Artist,Coyu,2
Artist,Yves Larock,3
Artist,Delayers,2
Artist,Promise Land,3
Artist,Tradelove,5
Artist,Andhim,4
Artist,Alberto Ruiz,2
Artist,Loleatta Holloway,1
Artist,Phunk Investigation,1
Artist,Catz 'n Dogz,3
Artist,George Acosta,1
Artist,Henry John Morgan,3
Artist,Siwell,1
Artist,Klauss Goulart,1
Artist,Empire Of The Sun,5
Artist,Piero Pirupa,1
Artist,Martin Solveig,2
Artist,The Cataracs,1
Artist,Skitzofrenix,1
Artist,Gregori Klosman,1
Artist,Tony Romera,1
Artist,Namito,1
Artist,Rummy Sharma,1
Artist,Gary Beck,1
Artist,Josh Butler,7
Artist,Hot Natured,2
Artist,Orjan Nilsen,1
Artist,dBerrie,1
Artist,Joe Gil,1
Artist,Vanbot,1
Artist,Marco Lys,1
Artist,Hobo,3
Artist,Dyed Soundorom,1
Artist,Emperor,1
Artist,Georgia Yates,1
Artist,Riva Starr,8
Artist,Rssll,2
Artist,Daniel Dexter,1
Artist,Andybody,1
Artist,Detroit Swindle,1
Artist,Paris & Simo,3
Artist,3LAU,2
Artist,Purple Disco Machine,8
Artist,GLOWINTHEDARK,2
Artist,Harrison Shaw,2
Artist,MAKJ,5
Artist,Marcel,1
Artist,Stefano Pain,1
Artist,DJ Ghost,1
Artist,Stefano Noferini,4
Artist,Max Vangeli,2
Artist,AN21,2
Artist,Dolly Rockers,2
Artist,Wamdue Project,2
Artist,Le Youth,3
Artist,Mightyfools,3
Artist,George Morel,2
Artist,CLS,1
Artist,Rob Adans,1
Artist,Danilo Rossini,1
Artist,Addal,1
Artist,MOTi,2
Artist,Shermanology,2
Artist,Glovibes,1
Artist,Leventina,1
Artist,New World Sound,2
Artist,Okabi,3
Artist,Paolo Rocco,1
Artist,Error404,2
Artist,Inpetto,1
Artist,Jason Chance,1
Artist,Luca Cassani,5
Artist,Kylie Minogue,2
Artist,Romanthony,1
Artist,GTO,1
Artist,Sable Sheep,2
Artist,Timeflies,1
Artist,Todd Terje,2
Artist,Ten Walls,3
Artist,Oliver Twizt,1
Artist,Ruben Haze,1
Artist,Jerome Isma-Ae,1
Artist,EDM,1
Artist,John Tejada,1
Artist,Jamie Antonelli,1
Artist,Johnny Mikes,1
Artist,Michael B,1
Artist,Ninetoes,4
Artist,David Jach,2
Artist,Beatamines,2
Artist,Julian Jeweil,2
Artist,Craig Connelly,1
Artist,Christina Novelli,1
Artist,DJ Punish,1
Artist,Walter Fargi,1
Artist,Trasko,1
Artist,Jacob Plant,1
Artist,Afrojack,1
Artist,Simon Patterson,1
Artist,Lucy Pullin,1
Artist,Foals,2
Artist,TJR,3
Artist,T.I.,2
Artist,Pharrell,2
Artist,Robin Thicke,2
Artist,Mike Hawkins,3
Artist,Pablo Oliveros,2
Artist,Fiora,1
Artist,Don Diablo,7
Artist,Matt Nash,5
Artist,Tommy Trash,1
Artist,Icona Pop,1
Artist,Charli Xcx,1
Artist,Goldfish & Blink,1
Artist,Demarzo,3
Artist,Haze,3
Artist,Ron Costa,3
Artist,Pet Shop Boys,1
Artist,Lil Jon,1
Artist,Mercer,1
Artist,Dennis Ferrer,2
Artist,Janelle Kroll,2
Artist,Pelari,3
Artist,Merk & Kremont,2
Artist,Danny Avila,2
Artist,Paul C & Paolo Martini,1
Artist,Louie Fresco,3
Artist,Monkey Safari,1
Artist,Gui Boratto,1
Artist,Tim Green,1
Artist,JL & Afterman,5
Artist,Feat. Daddy Kool,4
Artist,Christian Smith,2
Artist,Wehbba,2
Artist,Denny Berland,1
Artist,Alicia Madison,1
Artist,Matt Keyl,1
Artist,Ryan Marciano,1
Artist,Sunnery James,1
Artist,Sante,2
Artist,Sidney Charles,3
Artist,Adam Ellis,1
Artist,Dominik Eulberg,1
Artist,Gabriel Ananda,1
Artist,THRILL,1
Artist,Sebastian Royce,1
Artist,Shell B.,1
Artist,NHB,1
Artist,Pascal Nuzzo,1
Artist,Alex Mind,1
Artist,Egbert,1
Artist,Dani L. Mebius,1
Artist,Saint Liz,1
Artist,Betoko,1
Artist,Fritz Helder,1
Artist,Kraak & Smaak,1
Artist,Ruffneck,1
Artist,Borgeous,5
Artist,Sonny Wilson,4
Artist,We Are Loud,4
Artist,Steve Aoki,3
Artist,Steve Angello,1
Artist,Matisse & Sadko,1
Artist,Joris Voorn,4
Artist,Jebu,1
Artist,Weiss (UK),4
Artist,DJ Mercer,1
Artist,Blasterjaxx,6
Artist,Provenzano,1
Artist,Sugar Hill,4
Artist,Eelke Kleijn,2
Artist,Vato Gonzalez,2
Artist,Sunnery James & Ryan Marciano,3
Artist,DJ PP,2
Artist,Plastik Funk,2
Artist,Mattew Jay,1
Artist,La Fleur,2
Artist,Vicetone,2
Artist,D.Ramirez,2
Artist,John Made,2
Artist,Rebelski,1
Artist,Chuck D,1
Artist,Mark Mendes,1
Artist,Jeff Doubleu,1
Artist,Paul Ritch,1
Artist,Viktor Kaman,1
Artist,Inner City,3
Artist,Kevin Saunderson,3
Artist,KANT,1
Artist,Andrew Bayer,1
Artist,Dillon Francis,1
Artist,Slice N Dice,1
Artist,Myon & Shane 54,1
Artist,Tove Lo,1
Artist,Omnia,1
Artist,Hollen,1
Artist,Mano Le Tough,3
Artist,Leftfield,1
Artist,Scotty Lee,1
Artist,Kiki Doll,1
Artist,Gaiser,1
Artist,La Fuente,1
Artist,SL8,1
Artist,SICK INDIVIDUALS,4
Artist,Taylr Renee,3
Artist,Green Velvet,3
Artist,Deorro,3
Artist,Beverley Knight,1
Artist,Yves V,2
Artist,M35,1
Artist,Technasia,2
Artist,Schella,1
Artist,Lauren Lane,3
Artist,Agoria,2
Artist,Robbie Rivera,2
Artist,Daniel Gidlund,1
Artist,"Nicky Romero,",2
Artist,Parra for Cuva,3
Artist,Anna Naklab,3
Artist,Lover Lover,1
Artist,Tiga,2
Artist,Audion,2
Artist,Akami,1
Artist,Sonic Future,2
Artist,Kryder,1
Artist,Adam Beyer,2
Artist,Ida Engberg,2
Artist,Mihai Popoviciu,1
Artist,Sandro Silva,2
Artist,Cause4Concern,1
Artist,Kyodai,1
Artist,HOSH,1
Artist,Tony Junior,1
Artist,Madame Betty DJ,1
Artist,DJ Yellow,1
Artist,Flowers And Sea Creatures,1
Artist,Tritonal,2
Artist,Underdown,1
Artist,Ben Pearce,1
Artist,WhiteNoize,3
Artist,Andre Galluzzi,1
Artist,Dana Ruh,1
Artist,RioTGeaR,1
Artist,Sirus Hood,1
Artist,Joel Fletcher,1
Artist,Lucas Nord,1
Artist,Urban Cone,1
Artist,Kill The Noise,1
Artist,CID,1
Artist,Cosmic Gate,1
Artist,Patrick Topping,1
Artist,Jack Priest,1
Artist,Lissat & Voltaxx,2
Artist,Marc Fisher,2
Artist,2 Unlimited,1
Artist,The Partysquad,2
Artist,Mitchell Niemeyer,2
Artist,Dense & Pika,2
Artist,twoloud,1
Artist,Kaelyn Behr,1
Artist,Andre Crom,2
Artist,Phoebe Ryan,1
Artist,Rene Amesz,2
Artist,Waka Flocka Flame,1
Artist,Paige,1
Artist,Junior Black,1
Artist,Niles Mason,1
Artist,Elekfantz,2
Artist,Alex Hide,1
Artist,Manuel De La Mare,2
Artist,Joe Le Groove,1
Artist,tINI,1
Artist,The EKGs,1
Artist,Bonobo,1
Artist,Booka Shade,3
Artist,Joe T Vannelli,1
Artist,Catz Eats Dogz,1
Artist,GotSome,1
Artist,The Get Along Gang,1
Artist,Beardyman,2
Artist,Him_Self_Her,1
Artist,Kieran Fowkes,1
Artist,Stefan Z,2
Artist,Martina Topley Bird,1
Artist,Warpaint,1
Artist,Mark Lanegan,1
Artist,Croatia Squad,1
Artist,Lush & Simon,1
Artist,Sabb,1
Artist,Reza,1
Artist,Pagano,1
Artist,Zella Day,1
Artist,Sam Martin,1
Artist,Suspect 44,1
Artist,John Christian,1
Artist,Luca Pink,1
Artist,Masons,1
Artist,Luca T,1
Artist,Saints Of Valory,1
Artist,Thomas Newson,2
Artist,Radboud,1
Artist,Andreya Triana,1
Artist,Breach,1
Artist,Gallo,1
Artist,Alaia,1
Artist,Jazzanova,1
Artist,Ben Westbeech,1
Artist,TsT,1
Artist,Skidka,1
Artist,MK,1
Artist,Alana,1
Artist,Do Santos,1
Artist,BOOSTEDKIDS,1
Artist,Calvin Harris,1
Artist,Hurts,1
Artist,Mickey,1
Artist,Benny Benassi,1
Artist,Âme,2
Artist,Davide Svezza,1
Artist,Royksopp,1
Artist,Mathew Jonson,2
Artist,Jesse Rose,1
Artist,Playmode,1
Artist,Katta,1
Artist,Timmy Trumpet,1
Artist,SCNDL (Aus),1
Artist,Stefano Amalfi,1
Artist,Robbie Groove,1
Artist,Dance,1
Artist,Jacopo Iotti,1
Artist,Franko Lopez,1
Artist,Project 46,1
Artist,Gaty Lopez,1
Artist,Daniele Petronelli,1
Artist,Dave Aude,1
Artist,VASSY,1
Artist,Paji,1
Artist,Candyland,1
Artist,Doorly,1
Artist,Carlo Lio,1
Artist,Mat.Joe,1
Artist,Popmode,1
Artist,Kat Krazy,1
Artist,elkka,1
Artist,Astin,1
